"기업체수","행정구역시도코드","산업중분류코드","산업소분류코드","산업세분류코드","산업세세분류코드","운수업_산업분류코드","운수업_업종구분코드","매출총액","종사자수_조사_총소계"
102.087,24,49,3,0,3,49303,13,10020,1
102.087,24,49,3,0,3,49303,13,10800,1
102.087,24,49,3,0,3,49303,13,10920,1
102.087,24,49,3,0,3,49303,13,11880,1
102.087,24,49,3,0,3,49303,13,1320,1
102.087,24,49,3,0,3,49303,13,1800,1
102.087,24,49,3,0,3,49303,13,3840,1
102.087,24,49,3,0,3,49303,13,4800,1
102.087,24,49,3,0,3,49303,13,5520,1
102.087,24,49,3,0,3,49303,13,5900,1
102.087,24,49,3,0,3,49303,13,6960,1
102.087,24,49,3,0,3,49303,13,7000,1
102.087,24,49,3,0,3,49303,13,7008,1
102.087,24,49,3,0,3,49303,13,7200,1
102.087,24,49,3,0,3,49303,13,7200,1
102.087,24,49,3,0,3,49303,13,7800,1
102.087,24,49,3,0,3,49303,13,7800,1
102.087,24,49,3,0,3,49303,13,8400,1
102.087,24,49,3,0,3,49303,13,8700,1
102.087,24,49,3,0,3,49303,13,9000,1
102.087,24,49,3,0,3,49303,13,9000,1
102.087,24,49,3,0,3,49303,13,9300,1
102.087,24,49,3,0,3,49303,13,9960,1
11.12,29,49,2,3,1,49231,7,2056,1
11.12,29,49,2,3,1,49231,7,2472,1
11.12,29,49,2,3,1,49231,7,2618,1
11.12,29,49,2,3,1,49231,7,2793,1
11.12,29,49,2,3,1,49231,7,2799,1
11.12,29,49,2,3,1,49231,7,2972,1
11.12,29,49,2,3,1,49231,7,2974,1
11.12,29,49,2,3,1,49231,7,3016,1
11.12,29,49,2,3,1,49231,7,3147,1
11.12,29,49,2,3,1,49231,7,3200,1
11.12,29,49,2,3,1,49231,7,3237,1
11.12,29,49,2,3,1,49231,7,3699,1
11.12,29,49,2,3,1,49231,7,3873,1
11.12,29,49,2,3,1,49231,7,4022,1
11.12,29,49,2,3,1,49231,7,4312,1
11.12,29,49,2,3,1,49231,7,4541,1
11.12,29,49,2,3,1,49231,7,4889,1
11.12,29,49,2,3,1,49231,7,5618,1
11.12,29,49,2,3,1,49231,7,5951,1
11.12,29,49,2,3,1,49231,7,6080,1
11.12,29,49,2,3,1,49231,7,6716,1
11.12,29,49,2,3,1,49231,7,6774,1
11.12,29,49,2,3,1,49231,7,6793,1
11.12,29,49,2,3,1,49231,7,7059,1
11.12,29,49,2,3,1,49231,7,7170,1
134.368,25,49,3,0,3,49303,13,10600,1
134.368,25,49,3,0,3,49303,13,11000,1
134.368,25,49,3,0,3,49303,13,11300,1
134.368,25,49,3,0,3,49303,13,12200,1
134.368,25,49,3,0,3,49303,13,14300,1
134.368,25,49,3,0,3,49303,13,3900,1
134.368,25,49,3,0,3,49303,13,4550,1
134.368,25,49,3,0,3,49303,13,5200,1
134.368,25,49,3,0,3,49303,13,5680,1
134.368,25,49,3,0,3,49303,13,6200,1
134.368,25,49,3,0,3,49303,13,6500,1
134.368,25,49,3,0,3,49303,13,6500,1
134.368,25,49,3,0,3,49303,13,8900,1
134.368,25,49,3,0,3,49303,13,9100,1
134.368,25,49,3,0,3,49303,13,9150,1
134.368,25,49,3,0,3,49303,13,9600,1
134.368,25,49,3,0,3,49303,13,9600,1
134.368,25,49,3,0,3,49303,13,9800,1
134.368,25,49,3,0,3,49303,13,9800,1
1364.694,11,49,2,3,1,49231,7,1150,1
1364.694,11,49,2,3,1,49231,7,1500,1
1364.694,11,49,2,3,1,49231,7,1800,1
1364.694,11,49,2,3,1,49231,7,1800,1
1364.694,11,49,2,3,1,49231,7,1800,1
1364.694,11,49,2,3,1,49231,7,2000,1
1364.694,11,49,2,3,1,49231,7,2400,1
1364.694,11,49,2,3,1,49231,7,2400,1
1364.694,11,49,2,3,1,49231,7,3000,1
1364.694,11,49,2,3,1,49231,7,3000,1
1364.694,11,49,2,3,1,49231,7,3000,1
1364.694,11,49,2,3,1,49231,7,3000,1
1364.694,11,49,2,3,1,49231,7,3170,1
1364.694,11,49,2,3,1,49231,7,3360,1
1364.694,11,49,2,3,1,49231,7,3468,1
1364.694,11,49,2,3,1,49231,7,3600,1
1364.694,11,49,2,3,1,49231,7,3600,1
1364.694,11,49,2,3,1,49231,7,3960,1
1364.694,11,49,2,3,1,49231,7,4200,1
1364.694,11,49,2,3,1,49231,7,4200,1
1364.694,11,49,2,3,1,49231,7,4200,1
1364.694,11,49,2,3,1,49231,7,4300,1
1364.694,11,49,2,3,1,49231,7,4500,1
1364.694,11,49,2,3,1,49231,7,4557,1
1364.694,11,49,2,3,1,49231,7,4560,1
1364.694,11,49,2,3,1,49231,7,4680,1
1364.694,11,49,2,3,1,49231,7,4900,1
1364.694,11,49,2,3,1,49231,7,5200,1
1364.694,11,49,2,3,1,49231,7,5432,1
1364.694,11,49,2,3,1,49231,7,5700,1
1364.694,11,49,2,3,1,49231,7,5990,1
1364.694,11,49,2,3,1,49231,7,6300,1
1364.694,11,49,2,3,1,49231,7,7000,1
1364.694,11,49,2,3,1,49231,7,7200,1
1364.694,11,49,2,3,1,49231,7,7260,1
1364.694,11,49,2,3,1,49231,7,7870,1
137.875,35,49,3,0,2,49302,12,1130,1
137.875,35,49,3,0,2,49302,12,1327,1
137.875,35,49,3,0,2,49302,12,1369,1
137.875,35,49,3,0,2,49302,12,1470,1
137.875,35,49,3,0,2,49302,12,1560,1
137.875,35,49,3,0,2,49302,12,1577,1
137.875,35,49,3,0,2,49302,12,1620,1
137.875,35,49,3,0,2,49302,12,1630,1
137.875,35,49,3,0,2,49302,12,1731,1
137.875,35,49,3,0,2,49302,12,1910,1
137.875,35,49,3,0,2,49302,12,1975,1
137.875,35,49,3,0,2,49302,12,1999,1
137.875,35,49,3,0,2,49302,12,2046,1
137.875,35,49,3,0,2,49302,12,2144,1
137.875,35,49,3,0,2,49302,12,2151,1
137.875,35,49,3,0,2,49302,12,2180,1
137.875,35,49,3,0,2,49302,12,2262,1
137.875,35,49,3,0,2,49302,12,2360,1
137.875,35,49,3,0,2,49302,12,2482,1
137.875,35,49,3,0,2,49302,12,2680,1
137.875,35,49,3,0,2,49302,12,3600,1
137.875,35,49,3,0,2,49302,12,460,1
137.875,35,49,3,0,2,49302,12,530,1
137.875,35,49,3,0,2,49302,12,705,1
141.19,36,49,3,0,3,49303,13,11400,1
141.19,36,49,3,0,3,49303,13,3240,1
141.19,36,49,3,0,3,49303,13,3960,1
141.19,36,49,3,0,3,49303,13,4752,1
141.19,36,49,3,0,3,49303,13,5160,1
141.19,36,49,3,0,3,49303,13,5280,1
141.19,36,49,3,0,3,49303,13,5280,1
141.19,36,49,3,0,3,49303,13,5520,1
141.19,36,49,3,0,3,49303,13,5808,1
141.19,36,49,3,0,3,49303,13,6072,1
141.19,36,49,3,0,3,49303,13,6600,1
141.19,36,49,3,0,3,49303,13,6600,1
141.19,36,49,3,0,3,49303,13,6600,1
141.19,36,49,3,0,3,49303,13,6600,1
141.19,36,49,3,0,3,49303,13,7380,1
141.19,36,49,3,0,3,49303,13,7920,1
141.19,36,49,3,0,3,49303,13,7920,1
141.19,36,49,3,0,3,49303,13,7920,1
141.19,36,49,3,0,3,49303,13,8400,1
141.19,36,49,3,0,3,49303,13,9600,1
141.19,36,49,3,0,3,49303,13,9600,1
142.913,37,49,3,0,2,49302,12,1680,1
142.913,37,49,3,0,2,49302,12,1800,1
142.913,37,49,3,0,2,49302,12,2400,1
142.913,37,49,3,0,2,49302,12,3000,1
142.913,37,49,3,0,2,49302,12,3000,1
142.913,37,49,3,0,2,49302,12,3000,1
142.913,37,49,3,0,2,49302,12,3000,1
142.913,37,49,3,0,2,49302,12,3000,1
142.913,37,49,3,0,2,49302,12,3000,1
142.913,37,49,3,0,2,49302,12,3360,1
142.913,37,49,3,0,2,49302,12,3360,1
142.913,37,49,3,0,2,49302,12,3360,1
142.913,37,49,3,0,2,49302,12,3600,1
142.913,37,49,3,0,2,49302,12,3600,1
142.913,37,49,3,0,2,49302,12,3600,1
142.913,37,49,3,0,2,49302,12,3600,1
142.913,37,49,3,0,2,49302,12,3600,1
142.913,37,49,3,0,2,49302,12,3600,1
142.913,37,49,3,0,2,49302,12,3840,1
142.913,37,49,3,0,2,49302,12,3840,1
142.913,37,49,3,0,2,49302,12,3840,1
142.913,37,49,3,0,2,49302,12,3960,1
142.913,37,49,3,0,2,49302,12,4200,1
142.913,37,49,3,0,2,49302,12,4200,1
142.913,37,49,3,0,2,49302,12,4200,1
142.913,37,49,3,0,2,49302,12,4200,1
142.913,37,49,3,0,2,49302,12,4200,1
142.913,37,49,3,0,2,49302,12,4200,1
142.913,37,49,3,0,2,49302,12,4320,1
142.913,37,49,3,0,2,49302,12,4560,1
142.913,37,49,3,0,2,49302,12,4800,1
142.913,37,49,3,0,2,49302,12,4800,1
142.913,37,49,3,0,2,49302,12,4800,1
142.913,37,49,3,0,2,49302,12,4800,1
142.913,37,49,3,0,2,49302,12,4800,1
142.913,37,49,3,0,2,49302,12,4800,1
142.913,37,49,3,0,2,49302,12,4800,1
142.913,37,49,3,0,2,49302,12,4800,1
142.913,37,49,3,0,2,49302,12,5640,1
142.913,37,49,3,0,2,49302,12,6000,1
142.913,37,49,3,0,2,49302,12,6000,1
142.913,37,49,3,0,2,49302,12,6000,1
142.913,37,49,3,0,2,49302,12,6000,1
142.913,37,49,3,0,2,49302,12,6000,1
142.913,37,49,3,0,2,49302,12,6600,1
142.913,37,49,3,0,2,49302,12,8400,1
1437.684,31,49,2,3,1,49231,7,1835,1
1437.684,31,49,2,3,1,49231,7,2500,1
1437.684,31,49,2,3,1,49231,7,2800,1
1437.684,31,49,2,3,1,49231,7,3000,1
1437.684,31,49,2,3,1,49231,7,3000,1
1437.684,31,49,2,3,1,49231,7,3000,1
1437.684,31,49,2,3,1,49231,7,3192,1
1437.684,31,49,2,3,1,49231,7,3200,1
1437.684,31,49,2,3,1,49231,7,3600,1
1437.684,31,49,2,3,1,49231,7,3600,1
1437.684,31,49,2,3,1,49231,7,3600,1
1437.684,31,49,2,3,1,49231,7,3600,1
1437.684,31,49,2,3,1,49231,7,4200,1
1437.684,31,49,2,3,1,49231,7,4200,1
1437.684,31,49,2,3,1,49231,7,4296,1
1437.684,31,49,2,3,1,49231,7,4700,1
1437.684,31,49,2,3,1,49231,7,4750,1
1437.684,31,49,2,3,1,49231,7,4800,1
1437.684,31,49,2,3,1,49231,7,4800,1
145.775,34,49,3,0,2,49302,12,10000,1
145.775,34,49,3,0,2,49302,12,1200,1
145.775,34,49,3,0,2,49302,12,1800,1
145.775,34,49,3,0,2,49302,12,1800,1
145.775,34,49,3,0,2,49302,12,2280,1
145.775,34,49,3,0,2,49302,12,2400,1
145.775,34,49,3,0,2,49302,12,2400,1
145.775,34,49,3,0,2,49302,12,2760,1
145.775,34,49,3,0,2,49302,12,3000,1
145.775,34,49,3,0,2,49302,12,3100,1
145.775,34,49,3,0,2,49302,12,3420,1
145.775,34,49,3,0,2,49302,12,3500,1
145.775,34,49,3,0,2,49302,12,3600,1
145.775,34,49,3,0,2,49302,12,4000,1
145.775,34,49,3,0,2,49302,12,4000,1
145.775,34,49,3,0,2,49302,12,4000,1
145.775,34,49,3,0,2,49302,12,4200,1
145.775,34,49,3,0,2,49302,12,4500,1
145.775,34,49,3,0,2,49302,12,4560,1
145.775,34,49,3,0,2,49302,12,4800,1
145.775,34,49,3,0,2,49302,12,4800,1
145.775,34,49,3,0,2,49302,12,4800,1
145.775,34,49,3,0,2,49302,12,4800,1
145.775,34,49,3,0,2,49302,12,4800,1
145.775,34,49,3,0,2,49302,12,5000,1
145.775,34,49,3,0,2,49302,12,5000,1
145.775,34,49,3,0,2,49302,12,5000,1
145.775,34,49,3,0,2,49302,12,5400,1
145.775,34,49,3,0,2,49302,12,6000,1
145.775,34,49,3,0,2,49302,12,6000,1
145.775,34,49,3,0,2,49302,12,6000,1
145.775,34,49,3,0,2,49302,12,6600,1
145.775,34,49,3,0,2,49302,12,7000,1
145.775,34,49,3,0,2,49302,12,7200,1
145.775,34,49,3,0,2,49302,12,8000,1
145.775,34,49,3,0,2,49302,12,840,1
145.775,34,49,3,0,2,49302,12,840,1
145.775,34,49,3,0,2,49302,12,9000,1
145.775,34,49,3,0,2,49302,12,960,1
145.775,34,49,3,0,2,49302,12,9600,1
158.2,22,49,3,0,3,49303,13,1070,1
158.2,22,49,3,0,3,49303,13,1100,1
158.2,22,49,3,0,3,49303,13,11700,1
158.2,22,49,3,0,3,49303,13,1200,1
158.2,22,49,3,0,3,49303,13,1245,1
158.2,22,49,3,0,3,49303,13,1300,1
158.2,22,49,3,0,3,49303,13,1400,1
158.2,22,49,3,0,3,49303,13,1400,1
158.2,22,49,3,0,3,49303,13,1420,1
158.2,22,49,3,0,3,49303,13,1500,1
158.2,22,49,3,0,3,49303,13,1600,1
158.2,22,49,3,0,3,49303,13,2000,1
158.2,22,49,3,0,3,49303,13,2000,1
158.2,22,49,3,0,3,49303,13,2100,1
158.2,22,49,3,0,3,49303,13,2250,1
158.2,22,49,3,0,3,49303,13,2350,1
158.2,22,49,3,0,3,49303,13,2400,1
158.2,22,49,3,0,3,49303,13,2550,1
158.2,22,49,3,0,3,49303,13,3100,1
158.2,22,49,3,0,3,49303,13,3800,1
158.2,22,49,3,0,3,49303,13,4650,1
158.2,22,49,3,0,3,49303,13,5000,1
158.2,22,49,3,0,3,49303,13,5300,1
158.2,22,49,3,0,3,49303,13,5500,1
158.2,22,49,3,0,3,49303,13,5900,1
158.2,22,49,3,0,3,49303,13,600,1
158.2,22,49,3,0,3,49303,13,6200,1
158.2,22,49,3,0,3,49303,13,6800,1
158.2,22,49,3,0,3,49303,13,8000,1
158.2,22,49,3,0,3,49303,13,805,1
158.2,22,49,3,0,3,49303,13,820,1
158.2,22,49,3,0,3,49303,13,840,1
158.2,22,49,3,0,3,49303,13,900,1
158.2,22,49,3,0,3,49303,13,9200,1
158.2,22,49,3,0,3,49303,13,980,1
167.625,32,49,3,0,2,49302,12,1200,1
167.625,32,49,3,0,2,49302,12,1440,1
167.625,32,49,3,0,2,49302,12,1560,1
167.625,32,49,3,0,2,49302,12,1560,1
167.625,32,49,3,0,2,49302,12,1680,1
167.625,32,49,3,0,2,49302,12,1800,1
167.625,32,49,3,0,2,49302,12,1800,1
167.625,32,49,3,0,2,49302,12,1920,1
167.625,32,49,3,0,2,49302,12,1920,1
167.625,32,49,3,0,2,49302,12,2040,1
167.625,32,49,3,0,2,49302,12,2040,1
167.625,32,49,3,0,2,49302,12,2160,1
167.625,32,49,3,0,2,49302,12,2160,1
167.625,32,49,3,0,2,49302,12,2160,1
167.625,32,49,3,0,2,49302,12,2400,1
167.625,32,49,3,0,2,49302,12,2400,1
167.933,32,49,3,0,3,49303,13,4560,1
167.933,32,49,3,0,3,49303,13,4560,1
167.933,32,49,3,0,3,49303,13,4800,1
167.933,32,49,3,0,3,49303,13,5400,1
167.933,32,49,3,0,3,49303,13,5400,1
167.933,32,49,3,0,3,49303,13,5400,1
167.933,32,49,3,0,3,49303,13,5640,1
167.933,32,49,3,0,3,49303,13,6000,1
167.933,32,49,3,0,3,49303,13,6000,1
167.933,32,49,3,0,3,49303,13,6120,1
167.933,32,49,3,0,3,49303,13,6240,1
167.933,32,49,3,0,3,49303,13,6500,1
167.933,32,49,3,0,3,49303,13,7800,1
167.933,32,49,3,0,3,49303,13,7800,1
167.933,32,49,3,0,3,49303,13,8040,1
170.629,24,49,3,0,2,49302,12,1080,1
170.629,24,49,3,0,2,49302,12,1200,1
170.629,24,49,3,0,2,49302,12,1200,1
170.629,24,49,3,0,2,49302,12,1200,1
170.629,24,49,3,0,2,49302,12,1400,1
170.629,24,49,3,0,2,49302,12,1400,1
170.629,24,49,3,0,2,49302,12,1800,1
170.629,24,49,3,0,2,49302,12,2000,1
170.629,24,49,3,0,2,49302,12,2700,1
170.629,24,49,3,0,2,49302,12,480,1
170.629,24,49,3,0,2,49302,12,480,1
170.629,24,49,3,0,2,49302,12,480,1
170.629,24,49,3,0,2,49302,12,4800,1
170.629,24,49,3,0,2,49302,12,600,1
170.629,24,49,3,0,2,49302,12,600,1
170.629,24,49,3,0,2,49302,12,600,1
170.629,24,49,3,0,2,49302,12,600,1
170.629,24,49,3,0,2,49302,12,600,1
170.629,24,49,3,0,2,49302,12,600,1
170.629,24,49,3,0,2,49302,12,600,1
170.629,24,49,3,0,2,49302,12,600,1
170.629,24,49,3,0,2,49302,12,600,1
170.629,24,49,3,0,2,49302,12,6000,1
170.629,24,49,3,0,2,49302,12,700,1
170.629,24,49,3,0,2,49302,12,720,1
170.629,24,49,3,0,2,49302,12,720,1
170.629,24,49,3,0,2,49302,12,720,1
170.629,24,49,3,0,2,49302,12,8040,1
170.629,24,49,3,0,2,49302,12,840,1
170.629,24,49,3,0,2,49302,12,840,1
170.629,24,49,3,0,2,49302,12,840,1
170.629,24,49,3,0,2,49302,12,960,1
170.629,24,49,3,0,2,49302,12,960,1
170.629,24,49,3,0,2,49302,12,960,1
170.629,24,49,3,0,2,49302,12,960,1
177.37,24,49,2,3,1,49231,7,2400,1
177.37,24,49,2,3,1,49231,7,2760,1
177.37,24,49,2,3,1,49231,7,3000,1
177.37,24,49,2,3,1,49231,7,3000,1
177.37,24,49,2,3,1,49231,7,3000,1
177.37,24,49,2,3,1,49231,7,3000,1
177.37,24,49,2,3,1,49231,7,3000,1
177.37,24,49,2,3,1,49231,7,3000,1
177.37,24,49,2,3,1,49231,7,3120,1
177.37,24,49,2,3,1,49231,7,3240,1
177.37,24,49,2,3,1,49231,7,3300,1
177.37,24,49,2,3,1,49231,7,3360,1
177.37,24,49,2,3,1,49231,7,3600,1
177.37,24,49,2,3,1,49231,7,3600,1
177.37,24,49,2,3,1,49231,7,3600,1
177.37,24,49,2,3,1,49231,7,3600,1
177.37,24,49,2,3,1,49231,7,3600,1
177.37,24,49,2,3,1,49231,7,3600,1
177.37,24,49,2,3,1,49231,7,3708,1
177.37,24,49,2,3,1,49231,7,3840,1
177.37,24,49,2,3,1,49231,7,3840,1
177.37,24,49,2,3,1,49231,7,4345,1
177.37,24,49,2,3,1,49231,7,4800,1
177.37,24,49,2,3,1,49231,7,5040,1
177.37,24,49,2,3,1,49231,7,5280,1
177.37,24,49,2,3,1,49231,7,5976,1
177.37,24,49,2,3,1,49231,7,6000,1
180.55,33,49,3,0,3,49303,13,13904,1
180.55,33,49,3,0,3,49303,13,1864,1
180.55,33,49,3,0,3,49303,13,2714,1
180.55,33,49,3,0,3,49303,13,3116,1
180.55,33,49,3,0,3,49303,13,3234,1
180.55,33,49,3,0,3,49303,13,3456,1
180.55,33,49,3,0,3,49303,13,3510,1
180.55,33,49,3,0,3,49303,13,4318,1
180.55,33,49,3,0,3,49303,13,4788,1
180.55,33,49,3,0,3,49303,13,5634,1
180.55,33,49,3,0,3,49303,13,5791,1
180.55,33,49,3,0,3,49303,13,6175,1
180.55,33,49,3,0,3,49303,13,6617,1
180.55,33,49,3,0,3,49303,13,6909,1
180.55,33,49,3,0,3,49303,13,7079,1
180.55,33,49,3,0,3,49303,13,7154,1
180.55,33,49,3,0,3,49303,13,7639,1
180.55,33,49,3,0,3,49303,13,9096,1
180.55,33,49,3,0,3,49303,13,9504,1
180.55,33,49,3,0,3,49303,13,9688,1
186.438,37,49,3,0,3,49303,13,10000,1
186.438,37,49,3,0,3,49303,13,10000,1
186.438,37,49,3,0,3,49303,13,10000,1
186.438,37,49,3,0,3,49303,13,10000,1
186.438,37,49,3,0,3,49303,13,10000,1
186.438,37,49,3,0,3,49303,13,10000,1
186.438,37,49,3,0,3,49303,13,10000,1
186.438,37,49,3,0,3,49303,13,11000,1
186.438,37,49,3,0,3,49303,13,11000,1
186.438,37,49,3,0,3,49303,13,12300,1
186.438,37,49,3,0,3,49303,13,14000,1
186.438,37,49,3,0,3,49303,13,15000,1
186.438,37,49,3,0,3,49303,13,15000,1
186.438,37,49,3,0,3,49303,13,2600,1
186.438,37,49,3,0,3,49303,13,3000,1
186.438,37,49,3,0,3,49303,13,3240,1
186.438,37,49,3,0,3,49303,13,4000,1
186.438,37,49,3,0,3,49303,13,4000,1
186.438,37,49,3,0,3,49303,13,4800,1
186.438,37,49,3,0,3,49303,13,5000,1
186.438,37,49,3,0,3,49303,13,5500,1
186.438,37,49,3,0,3,49303,13,6000,1
186.438,37,49,3,0,3,49303,13,6000,1
186.438,37,49,3,0,3,49303,13,6800,1
186.438,37,49,3,0,3,49303,13,7000,1
186.438,37,49,3,0,3,49303,13,7200,1
186.438,37,49,3,0,3,49303,13,7500,1
186.438,37,49,3,0,3,49303,13,7920,1
186.438,37,49,3,0,3,49303,13,8000,1
186.438,37,49,3,0,3,49303,13,8000,1
186.438,37,49,3,0,3,49303,13,8500,1
186.438,37,49,3,0,3,49303,13,9700,1
208.773,33,49,3,0,2,49302,12,1800,1
208.773,33,49,3,0,2,49302,12,2160,1
208.773,33,49,3,0,2,49302,12,2400,1
208.773,33,49,3,0,2,49302,12,2924,1
208.773,33,49,3,0,2,49302,12,3000,1
208.773,33,49,3,0,2,49302,12,3000,1
208.773,33,49,3,0,2,49302,12,3600,1
208.773,33,49,3,0,2,49302,12,3600,1
208.773,33,49,3,0,2,49302,12,3600,1
208.773,33,49,3,0,2,49302,12,4200,1
208.773,33,49,3,0,2,49302,12,4200,1
208.773,33,49,3,0,2,49302,12,4500,1
208.773,33,49,3,0,2,49302,12,4600,1
208.773,33,49,3,0,2,49302,12,4800,1
208.773,33,49,3,0,2,49302,12,4800,1
208.773,33,49,3,0,2,49302,12,4800,1
208.773,33,49,3,0,2,49302,12,4800,1
208.773,33,49,3,0,2,49302,12,4800,1
208.773,33,49,3,0,2,49302,12,4800,1
208.773,33,49,3,0,2,49302,12,6000,1
208.773,33,49,3,0,2,49302,12,6000,1
208.773,33,49,3,0,2,49302,12,7500,1
208.8,35,49,3,0,3,49303,13,11000,1
208.8,35,49,3,0,3,49303,13,2400,1
208.8,35,49,3,0,3,49303,13,3100,1
208.8,35,49,3,0,3,49303,13,3600,1
208.8,35,49,3,0,3,49303,13,3960,1
208.8,35,49,3,0,3,49303,13,4200,1
208.8,35,49,3,0,3,49303,13,5100,1
208.8,35,49,3,0,3,49303,13,5300,1
208.8,35,49,3,0,3,49303,13,5400,1
208.8,35,49,3,0,3,49303,13,5900,1
208.8,35,49,3,0,3,49303,13,6200,1
208.8,35,49,3,0,3,49303,13,6200,1
208.8,35,49,3,0,3,49303,13,6200,1
208.8,35,49,3,0,3,49303,13,7920,1
208.8,35,49,3,0,3,49303,13,9900,1
21.111,29,49,3,0,2,49302,12,1000,1
21.111,29,49,3,0,2,49302,12,1080,1
21.111,29,49,3,0,2,49302,12,1200,1
21.111,29,49,3,0,2,49302,12,1440,1
21.111,29,49,3,0,2,49302,12,1800,1
21.111,29,49,3,0,2,49302,12,1800,1
21.111,29,49,3,0,2,49302,12,1900,1
21.111,29,49,3,0,2,49302,12,2400,1
21.111,29,49,3,0,2,49302,12,3600,1
21.111,29,49,3,0,2,49302,12,3600,1
21.111,29,49,3,0,2,49302,12,4200,1
21.111,29,49,3,0,2,49302,12,4200,1
21.111,29,49,3,0,2,49302,12,4200,1
21.111,29,49,3,0,2,49302,12,4440,1
21.111,29,49,3,0,2,49302,12,4800,1
21.111,29,49,3,0,2,49302,12,4800,1
21.111,29,49,3,0,2,49302,12,4800,1
21.111,29,49,3,0,2,49302,12,4800,1
21.111,29,49,3,0,2,49302,12,4800,1
21.111,29,49,3,0,2,49302,12,5000,1
21.111,29,49,3,0,2,49302,12,5400,1
21.111,29,49,3,0,2,49302,12,6000,1
21.111,29,49,3,0,2,49302,12,6000,1
21.111,29,49,3,0,2,49302,12,6000,1
21.111,29,49,3,0,2,49302,12,6600,1
21.111,29,49,3,0,2,49302,12,7200,1
21.111,29,49,3,0,2,49302,12,7200,1
21.111,29,49,3,0,2,49302,12,7800,1
21.111,29,49,3,0,2,49302,12,840,1
21.111,29,49,3,0,2,49302,12,840,1
21.111,29,49,3,0,2,49302,12,840,1
21.111,29,49,3,0,2,49302,12,8400,1
21.111,29,49,3,0,2,49302,12,900,1
21.111,29,49,3,0,2,49302,12,960,1
21.111,29,49,3,0,2,49302,12,960,1
21.111,29,49,3,0,2,49302,12,960,1
214.857,21,49,3,0,2,49302,12,1200,1
214.857,21,49,3,0,2,49302,12,1200,1
214.857,21,49,3,0,2,49302,12,1200,1
214.857,21,49,3,0,2,49302,12,1800,1
214.857,21,49,3,0,2,49302,12,1800,1
214.857,21,49,3,0,2,49302,12,2040,1
214.857,21,49,3,0,2,49302,12,2400,1
214.857,21,49,3,0,2,49302,12,2400,1
214.857,21,49,3,0,2,49302,12,2400,1
214.857,21,49,3,0,2,49302,12,2400,1
214.857,21,49,3,0,2,49302,12,2400,1
214.857,21,49,3,0,2,49302,12,2400,1
214.857,21,49,3,0,2,49302,12,2400,1
214.857,21,49,3,0,2,49302,12,2400,1
214.857,21,49,3,0,2,49302,12,3000,1
214.857,21,49,3,0,2,49302,12,3000,1
214.857,21,49,3,0,2,49302,12,3240,1
214.857,21,49,3,0,2,49302,12,32400,1
214.857,21,49,3,0,2,49302,12,3360,1
214.857,21,49,3,0,2,49302,12,3600,1
214.857,21,49,3,0,2,49302,12,4200,1
214.857,21,49,3,0,2,49302,12,4200,1
214.857,21,49,3,0,2,49302,12,480,1
214.857,21,49,3,0,2,49302,12,4800,1
214.857,21,49,3,0,2,49302,12,4800,1
214.857,21,49,3,0,2,49302,12,4800,1
214.857,21,49,3,0,2,49302,12,600,1
214.857,21,49,3,0,2,49302,12,600,1
214.857,21,49,3,0,2,49302,12,6000,1
214.857,21,49,3,0,2,49302,12,6000,1
214.857,21,49,3,0,2,49302,12,7200,1
214.857,21,49,3,0,2,49302,12,8400,1
214.857,21,49,3,0,2,49302,12,948,1
214.857,21,49,3,0,2,49302,12,960,1
214.857,21,49,3,0,2,49302,12,960,1
227.882,39,49,2,3,1,49231,7,1498,1
227.882,39,49,2,3,1,49231,7,1728,1
227.882,39,49,2,3,1,49231,7,1800,1
227.882,39,49,2,3,1,49231,7,1920,1
227.882,39,49,2,3,1,49231,7,2000,1
227.882,39,49,2,3,1,49231,7,2163,1
227.882,39,49,2,3,1,49231,7,2316,1
227.882,39,49,2,3,1,49231,7,2400,1
227.882,39,49,2,3,1,49231,7,2760,1
227.882,39,49,2,3,1,49231,7,3150,1
227.882,39,49,2,3,1,49231,7,3296,1
227.882,39,49,2,3,1,49231,7,3833,1
227.882,39,49,2,3,1,49231,7,4000,1
227.882,39,49,2,3,1,49231,7,4200,1
227.882,39,49,2,3,1,49231,7,4500,1
227.882,39,49,2,3,1,49231,7,4680,1
227.882,39,49,2,3,1,49231,7,4800,1
231,36,49,3,0,2,49302,12,2160,1
231,36,49,3,0,2,49302,12,2160,1
231,36,49,3,0,2,49302,12,2400,1
231,36,49,3,0,2,49302,12,2400,1
231,36,49,3,0,2,49302,12,2640,1
231,36,49,3,0,2,49302,12,2760,1
231,36,49,3,0,2,49302,12,2760,1
231,36,49,3,0,2,49302,12,3000,1
231,36,49,3,0,2,49302,12,3000,1
231,36,49,3,0,2,49302,12,3000,1
231,36,49,3,0,2,49302,12,3120,1
231,36,49,3,0,2,49302,12,3360,1
231,36,49,3,0,2,49302,12,3360,1
231,36,49,3,0,2,49302,12,3360,1
231,36,49,3,0,2,49302,12,3600,1
231,36,49,3,0,2,49302,12,3600,1
231,36,49,3,0,2,49302,12,3600,1
231,36,49,3,0,2,49302,12,3600,1
231,36,49,3,0,2,49302,12,3840,1
234.286,25,49,3,0,2,49302,12,1200,1
234.286,25,49,3,0,2,49302,12,1440,1
234.286,25,49,3,0,2,49302,12,1800,1
234.286,25,49,3,0,2,49302,12,1800,1
234.286,25,49,3,0,2,49302,12,1800,1
234.286,25,49,3,0,2,49302,12,1920,1
234.286,25,49,3,0,2,49302,12,2280,1
234.286,25,49,3,0,2,49302,12,2280,1
234.286,25,49,3,0,2,49302,12,2400,1
234.286,25,49,3,0,2,49302,12,2400,1
234.286,25,49,3,0,2,49302,12,2400,1
234.286,25,49,3,0,2,49302,12,2640,1
234.286,25,49,3,0,2,49302,12,3000,1
234.286,25,49,3,0,2,49302,12,3600,1
234.286,25,49,3,0,2,49302,12,3600,1
234.286,25,49,3,0,2,49302,12,3600,1
234.286,25,49,3,0,2,49302,12,3840,1
234.286,25,49,3,0,2,49302,12,4080,1
234.286,25,49,3,0,2,49302,12,4920,1
234.286,25,49,3,0,2,49302,12,6000,1
234.286,25,49,3,0,2,49302,12,7700,1
236.658,22,49,3,0,2,49302,12,1080,1
236.658,22,49,3,0,2,49302,12,1080,1
236.658,22,49,3,0,2,49302,12,1080,1
236.658,22,49,3,0,2,49302,12,1200,1
236.658,22,49,3,0,2,49302,12,1200,1
236.658,22,49,3,0,2,49302,12,1200,1
236.658,22,49,3,0,2,49302,12,1200,1
236.658,22,49,3,0,2,49302,12,1440,1
236.658,22,49,3,0,2,49302,12,1440,1
236.658,22,49,3,0,2,49302,12,1680,1
236.658,22,49,3,0,2,49302,12,1680,1
236.658,22,49,3,0,2,49302,12,1800,1
236.658,22,49,3,0,2,49302,12,1800,1
236.658,22,49,3,0,2,49302,12,1800,1
236.658,22,49,3,0,2,49302,12,1800,1
236.658,22,49,3,0,2,49302,12,2160,1
236.658,22,49,3,0,2,49302,12,2160,1
236.658,22,49,3,0,2,49302,12,2340,1
236.658,22,49,3,0,2,49302,12,2400,1
236.658,22,49,3,0,2,49302,12,2400,1
236.658,22,49,3,0,2,49302,12,2400,1
236.658,22,49,3,0,2,49302,12,2400,1
236.658,22,49,3,0,2,49302,12,2400,1
236.658,22,49,3,0,2,49302,12,2400,1
236.658,22,49,3,0,2,49302,12,2400,1
236.658,22,49,3,0,2,49302,12,2400,1
236.658,22,49,3,0,2,49302,12,2400,1
236.658,22,49,3,0,2,49302,12,2400,1
236.658,22,49,3,0,2,49302,12,2640,1
236.658,22,49,3,0,2,49302,12,3000,1
236.658,22,49,3,0,2,49302,12,480,1
236.658,22,49,3,0,2,49302,12,480,1
236.658,22,49,3,0,2,49302,12,840,1
236.658,22,49,3,0,2,49302,12,840,1
236.658,22,49,3,0,2,49302,12,840,1
236.658,22,49,3,0,2,49302,12,840,1
236.658,22,49,3,0,2,49302,12,960,1
236.658,22,49,3,0,2,49302,12,960,1
24.762,29,49,3,0,3,49303,13,1200,1
24.762,29,49,3,0,3,49303,13,14100,1
24.762,29,49,3,0,3,49303,13,1800,1
24.762,29,49,3,0,3,49303,13,2000,1
24.762,29,49,3,0,3,49303,13,2000,1
24.762,29,49,3,0,3,49303,13,2400,1
24.762,29,49,3,0,3,49303,13,2700,1
24.762,29,49,3,0,3,49303,13,3000,1
24.762,29,49,3,0,3,49303,13,3360,1
24.762,29,49,3,0,3,49303,13,3600,1
24.762,29,49,3,0,3,49303,13,3600,1
24.762,29,49,3,0,3,49303,13,3600,1
24.762,29,49,3,0,3,49303,13,3600,1
24.762,29,49,3,0,3,49303,13,4800,1
24.762,29,49,3,0,3,49303,13,4800,1
24.762,29,49,3,0,3,49303,13,4800,1
24.762,29,49,3,0,3,49303,13,6000,1
24.762,29,49,3,0,3,49303,13,6000,1
24.762,29,49,3,0,3,49303,13,7200,1
24.762,29,49,3,0,3,49303,13,7200,1
24.762,29,49,3,0,3,49303,13,9600,1
247.214,11,49,3,0,3,49303,13,1000,1
247.214,11,49,3,0,3,49303,13,1000,1
247.214,11,49,3,0,3,49303,13,10200,1
247.214,11,49,3,0,3,49303,13,1180,1
247.214,11,49,3,0,3,49303,13,1194,1
247.214,11,49,3,0,3,49303,13,1200,1
247.214,11,49,3,0,3,49303,13,1200,1
247.214,11,49,3,0,3,49303,13,1380,1
247.214,11,49,3,0,3,49303,13,1500,1
247.214,11,49,3,0,3,49303,13,1560,1
247.214,11,49,3,0,3,49303,13,1680,1
247.214,11,49,3,0,3,49303,13,1800,1
247.214,11,49,3,0,3,49303,13,1920,1
247.214,11,49,3,0,3,49303,13,2040,1
247.214,11,49,3,0,3,49303,13,2100,1
247.214,11,49,3,0,3,49303,13,2160,1
247.214,11,49,3,0,3,49303,13,2400,1
247.214,11,49,3,0,3,49303,13,2550,1
247.214,11,49,3,0,3,49303,13,3000,1
247.214,11,49,3,0,3,49303,13,3300,1
247.214,11,49,3,0,3,49303,13,3600,1
247.214,11,49,3,0,3,49303,13,3600,1
247.214,11,49,3,0,3,49303,13,3600,1
247.214,11,49,3,0,3,49303,13,3600,1
247.214,11,49,3,0,3,49303,13,3600,1
247.214,11,49,3,0,3,49303,13,3600,1
247.214,11,49,3,0,3,49303,13,3600,1
247.214,11,49,3,0,3,49303,13,4000,1
247.214,11,49,3,0,3,49303,13,4400,1
247.214,11,49,3,0,3,49303,13,4800,1
247.214,11,49,3,0,3,49303,13,4800,1
247.214,11,49,3,0,3,49303,13,4900,1
247.214,11,49,3,0,3,49303,13,5040,1
247.214,11,49,3,0,3,49303,13,6000,1
247.214,11,49,3,0,3,49303,13,6000,1
247.214,11,49,3,0,3,49303,13,6480,1
247.214,11,49,3,0,3,49303,13,7200,1
247.214,11,49,3,0,3,49303,13,7200,1
247.214,11,49,3,0,3,49303,13,8000,1
247.214,11,49,3,0,3,49303,13,8000,1
247.214,11,49,3,0,3,49303,13,900,1
247.214,11,49,3,0,3,49303,13,9960,1
248.474,32,49,2,3,1,49231,7,1696,1
248.474,32,49,2,3,1,49231,7,2180,1
248.474,32,49,2,3,1,49231,7,2400,1
248.474,32,49,2,3,1,49231,7,2640,1
248.474,32,49,2,3,1,49231,7,2890,1
248.474,32,49,2,3,1,49231,7,2990,1
248.474,32,49,2,3,1,49231,7,3000,1
248.474,32,49,2,3,1,49231,7,3000,1
248.474,32,49,2,3,1,49231,7,3000,1
248.474,32,49,2,3,1,49231,7,3051,1
248.474,32,49,2,3,1,49231,7,3197,1
248.474,32,49,2,3,1,49231,7,3228,1
248.474,32,49,2,3,1,49231,7,3600,1
248.474,32,49,2,3,1,49231,7,3600,1
248.474,32,49,2,3,1,49231,7,3600,1
248.474,32,49,2,3,1,49231,7,3600,1
248.474,32,49,2,3,1,49231,7,3753,1
248.474,32,49,2,3,1,49231,7,3800,1
248.474,32,49,2,3,1,49231,7,7920,1
252.227,21,49,3,0,3,49303,13,1001,1
252.227,21,49,3,0,3,49303,13,10784,1
252.227,21,49,3,0,3,49303,13,10800,1
252.227,21,49,3,0,3,49303,13,10926,1
252.227,21,49,3,0,3,49303,13,11093,1
252.227,21,49,3,0,3,49303,13,2500,1
252.227,21,49,3,0,3,49303,13,3600,1
252.227,21,49,3,0,3,49303,13,3964,1
252.227,21,49,3,0,3,49303,13,4800,1
252.227,21,49,3,0,3,49303,13,4800,1
252.227,21,49,3,0,3,49303,13,4800,1
252.227,21,49,3,0,3,49303,13,6000,1
252.227,21,49,3,0,3,49303,13,6338,1
252.227,21,49,3,0,3,49303,13,6482,1
252.227,21,49,3,0,3,49303,13,6613,1
252.227,21,49,3,0,3,49303,13,7012,1
252.227,21,49,3,0,3,49303,13,7157,1
252.227,21,49,3,0,3,49303,13,7800,1
252.227,21,49,3,0,3,49303,13,8106,1
252.227,21,49,3,0,3,49303,13,8625,1
252.227,21,49,3,0,3,49303,13,9375,1
252.227,21,49,3,0,3,49303,13,9700,1
269.423,38,49,3,0,2,49302,12,2400,1
269.423,38,49,3,0,2,49302,12,2400,1
269.423,38,49,3,0,2,49302,12,2400,1
269.423,38,49,3,0,2,49302,12,2640,1
269.423,38,49,3,0,2,49302,12,3000,1
269.423,38,49,3,0,2,49302,12,3000,1
269.423,38,49,3,0,2,49302,12,3000,1
269.423,38,49,3,0,2,49302,12,3600,1
269.423,38,49,3,0,2,49302,12,3600,1
269.423,38,49,3,0,2,49302,12,4200,1
269.423,38,49,3,0,2,49302,12,4200,1
269.423,38,49,3,0,2,49302,12,4200,1
269.423,38,49,3,0,2,49302,12,4560,1
269.423,38,49,3,0,2,49302,12,4800,1
269.423,38,49,3,0,2,49302,12,4800,1
269.423,38,49,3,0,2,49302,12,4800,1
269.423,38,49,3,0,2,49302,12,4800,1
269.423,38,49,3,0,2,49302,12,4800,1
269.423,38,49,3,0,2,49302,12,5400,1
269.423,38,49,3,0,2,49302,12,6000,1
269.423,38,49,3,0,2,49302,12,6000,1
269.423,38,49,3,0,2,49302,12,6000,1
269.423,38,49,3,0,2,49302,12,6000,1
269.423,38,49,3,0,2,49302,12,6600,1
269.423,38,49,3,0,2,49302,12,7200,1
269.423,38,49,3,0,2,49302,12,8400,1
272.429,36,49,2,3,1,49231,7,1800,1
272.429,36,49,2,3,1,49231,7,2200,1
272.429,36,49,2,3,1,49231,7,2712,1
272.429,36,49,2,3,1,49231,7,2900,1
272.429,36,49,2,3,1,49231,7,2940,1
272.429,36,49,2,3,1,49231,7,3000,1
272.429,36,49,2,3,1,49231,7,3000,1
272.429,36,49,2,3,1,49231,7,3179,1
272.429,36,49,2,3,1,49231,7,3240,1
272.429,36,49,2,3,1,49231,7,3300,1
272.429,36,49,2,3,1,49231,7,3358,1
272.429,36,49,2,3,1,49231,7,3500,1
272.429,36,49,2,3,1,49231,7,3680,1
272.429,36,49,2,3,1,49231,7,3907,1
273.533,34,49,2,3,1,49231,7,1440,1
273.533,34,49,2,3,1,49231,7,1980,1
273.533,34,49,2,3,1,49231,7,2120,1
273.533,34,49,2,3,1,49231,7,2200,1
273.533,34,49,2,3,1,49231,7,2300,1
273.533,34,49,2,3,1,49231,7,2400,1
273.533,34,49,2,3,1,49231,7,2500,1
273.533,34,49,2,3,1,49231,7,3000,1
273.533,34,49,2,3,1,49231,7,3000,1
273.533,34,49,2,3,1,49231,7,3300,1
273.533,34,49,2,3,1,49231,7,3400,1
273.533,34,49,2,3,1,49231,7,3618,1
273.533,34,49,2,3,1,49231,7,4000,1
273.533,34,49,2,3,1,49231,7,4100,1
273.533,34,49,2,3,1,49231,7,4200,1
277.765,34,49,3,0,3,49303,13,10000,1
277.765,34,49,3,0,3,49303,13,1100,1
277.765,34,49,3,0,3,49303,13,1296,1
277.765,34,49,3,0,3,49303,13,1320,1
277.765,34,49,3,0,3,49303,13,1541,1
277.765,34,49,3,0,3,49303,13,2400,1
277.765,34,49,3,0,3,49303,13,3000,1
277.765,34,49,3,0,3,49303,13,3600,1
277.765,34,49,3,0,3,49303,13,3600,1
277.765,34,49,3,0,3,49303,13,3600,1
277.765,34,49,3,0,3,49303,13,3800,1
277.765,34,49,3,0,3,49303,13,3800,1
277.765,34,49,3,0,3,49303,13,4800,1
277.765,34,49,3,0,3,49303,13,4800,1
277.765,34,49,3,0,3,49303,13,4800,1
277.765,34,49,3,0,3,49303,13,600,1
277.765,34,49,3,0,3,49303,13,7000,1
277.846,26,49,2,3,1,49231,7,1780,1
277.846,26,49,2,3,1,49231,7,1880,1
277.846,26,49,2,3,1,49231,7,2040,1
277.846,26,49,2,3,1,49231,7,2060,1
277.846,26,49,2,3,1,49231,7,2412,1
277.846,26,49,2,3,1,49231,7,2430,1
277.846,26,49,2,3,1,49231,7,2580,1
277.846,26,49,2,3,1,49231,7,2604,1
277.846,26,49,2,3,1,49231,7,2736,1
277.846,26,49,2,3,1,49231,7,3000,1
277.846,26,49,2,3,1,49231,7,3220,1
277.846,26,49,2,3,1,49231,7,3300,1
277.846,26,49,2,3,1,49231,7,4128,1
280.684,25,49,2,3,1,49231,7,1479,1
280.684,25,49,2,3,1,49231,7,1744,1
280.684,25,49,2,3,1,49231,7,2000,1
280.684,25,49,2,3,1,49231,7,2439,1
280.684,25,49,2,3,1,49231,7,2656,1
280.684,25,49,2,3,1,49231,7,2679,1
280.684,25,49,2,3,1,49231,7,2728,1
280.684,25,49,2,3,1,49231,7,2815,1
280.684,25,49,2,3,1,49231,7,3300,1
280.684,25,49,2,3,1,49231,7,3372,1
280.684,25,49,2,3,1,49231,7,3523,1
280.684,25,49,2,3,1,49231,7,3761,1
280.684,25,49,2,3,1,49231,7,3846,1
280.684,25,49,2,3,1,49231,7,3889,1
280.684,25,49,2,3,1,49231,7,3968,1
280.684,25,49,2,3,1,49231,7,4020,1
280.684,25,49,2,3,1,49231,7,4147,1
280.684,25,49,2,3,1,49231,7,4201,1
280.684,25,49,2,3,1,49231,7,4568,1
290.217,38,49,3,0,3,49303,13,2600,1
290.217,38,49,3,0,3,49303,13,3610,1
290.217,38,49,3,0,3,49303,13,3740,1
290.217,38,49,3,0,3,49303,13,3780,1
290.217,38,49,3,0,3,49303,13,4040,1
290.217,38,49,3,0,3,49303,13,4070,1
290.217,38,49,3,0,3,49303,13,4090,1
290.217,38,49,3,0,3,49303,13,4130,1
290.217,38,49,3,0,3,49303,13,4270,1
290.217,38,49,3,0,3,49303,13,4510,1
290.217,38,49,3,0,3,49303,13,4520,1
290.217,38,49,3,0,3,49303,13,4670,1
290.217,38,49,3,0,3,49303,13,4850,1
290.217,38,49,3,0,3,49303,13,5170,1
290.217,38,49,3,0,3,49303,13,5300,1
290.217,38,49,3,0,3,49303,13,5830,1
290.217,38,49,3,0,3,49303,13,5940,1
290.217,38,49,3,0,3,49303,13,5990,1
290.217,38,49,3,0,3,49303,13,6270,1
290.217,38,49,3,0,3,49303,13,6310,1
290.217,38,49,3,0,3,49303,13,6380,1
290.217,38,49,3,0,3,49303,13,6608,1
290.217,38,49,3,0,3,49303,13,6850,1
331.615,33,49,2,3,1,49231,7,1800,1
331.615,33,49,2,3,1,49231,7,2541,1
331.615,33,49,2,3,1,49231,7,2700,1
331.615,33,49,2,3,1,49231,7,2820,1
331.615,33,49,2,3,1,49231,7,2865,1
331.615,33,49,2,3,1,49231,7,3600,1
331.615,33,49,2,3,1,49231,7,3600,1
331.615,33,49,2,3,1,49231,7,3622,1
331.615,33,49,2,3,1,49231,7,3626,1
331.615,33,49,2,3,1,49231,7,4200,1
331.615,33,49,2,3,1,49231,7,4589,1
331.615,33,49,2,3,1,49231,7,5760,1
331.615,33,49,2,3,1,49231,7,6600,1
355.261,38,49,2,3,1,49231,7,1692,1
355.261,38,49,2,3,1,49231,7,2328,1
355.261,38,49,2,3,1,49231,7,2568,1
355.261,38,49,2,3,1,49231,7,2688,1
355.261,38,49,2,3,1,49231,7,2700,1
355.261,38,49,2,3,1,49231,7,2988,1
355.261,38,49,2,3,1,49231,7,3072,1
355.261,38,49,2,3,1,49231,7,3360,1
355.261,38,49,2,3,1,49231,7,3720,1
355.261,38,49,2,3,1,49231,7,3744,1
355.261,38,49,2,3,1,49231,7,3744,1
355.261,38,49,2,3,1,49231,7,3804,1
355.261,38,49,2,3,1,49231,7,3840,1
355.261,38,49,2,3,1,49231,7,4380,1
355.261,38,49,2,3,1,49231,7,4440,1
355.261,38,49,2,3,1,49231,7,4656,1
355.261,38,49,2,3,1,49231,7,4800,1
355.261,38,49,2,3,1,49231,7,4824,1
355.261,38,49,2,3,1,49231,7,4932,1
355.261,38,49,2,3,1,49231,7,5196,1
355.261,38,49,2,3,1,49231,7,5208,1
355.261,38,49,2,3,1,49231,7,5664,1
355.261,38,49,2,3,1,49231,7,6432,1
375,23,49,3,0,3,49303,13,1560,1
375,23,49,3,0,3,49303,13,2400,1
375,23,49,3,0,3,49303,13,3400,1
375,23,49,3,0,3,49303,13,3600,1
375,23,49,3,0,3,49303,13,3600,1
375,23,49,3,0,3,49303,13,3600,1
375,23,49,3,0,3,49303,13,3600,1
375,23,49,3,0,3,49303,13,4200,1
375,23,49,3,0,3,49303,13,4200,1
375,23,49,3,0,3,49303,13,4800,1
375,23,49,3,0,3,49303,13,4800,1
375,23,49,3,0,3,49303,13,6000,1
375,23,49,3,0,3,49303,13,6000,1
375,23,49,3,0,3,49303,13,6000,1
375,23,49,3,0,3,49303,13,7200,1
375,23,49,3,0,3,49303,13,7200,1
375,23,49,3,0,3,49303,13,7200,1
375,23,49,3,0,3,49303,13,8400,1
375,23,49,3,0,3,49303,13,8400,1
375,23,49,3,0,3,49303,13,8400,1
375,23,49,3,0,3,49303,13,8400,1
375,23,49,3,0,3,49303,13,8400,1
375,23,49,3,0,3,49303,13,9000,1
385.308,22,49,2,3,1,49231,7,1210,1
385.308,22,49,2,3,1,49231,7,1212,1
385.308,22,49,2,3,1,49231,7,1220,1
385.308,22,49,2,3,1,49231,7,1224,1
385.308,22,49,2,3,1,49231,7,1249,1
385.308,22,49,2,3,1,49231,7,1253,1
385.308,22,49,2,3,1,49231,7,1300,1
385.308,22,49,2,3,1,49231,7,1581,1
385.308,22,49,2,3,1,49231,7,1620,1
385.308,22,49,2,3,1,49231,7,1634,1
385.308,22,49,2,3,1,49231,7,1701,1
385.308,22,49,2,3,1,49231,7,1704,1
385.308,22,49,2,3,1,49231,7,1788,1
385.308,22,49,2,3,1,49231,7,1910,1
385.308,22,49,2,3,1,49231,7,2003,1
385.308,22,49,2,3,1,49231,7,2003,1
385.308,22,49,2,3,1,49231,7,2015,1
385.308,22,49,2,3,1,49231,7,2077,1
385.308,22,49,2,3,1,49231,7,2086,1
385.308,22,49,2,3,1,49231,7,2118,1
385.308,22,49,2,3,1,49231,7,2159,1
385.308,22,49,2,3,1,49231,7,2274,1
385.308,22,49,2,3,1,49231,7,2378,1
385.308,22,49,2,3,1,49231,7,2890,1
385.308,22,49,2,3,1,49231,7,4516,1
385.308,22,49,2,3,1,49231,7,580,1
432.538,35,49,2,3,1,49231,7,2400,1
432.538,35,49,2,3,1,49231,7,2400,1
432.538,35,49,2,3,1,49231,7,2880,1
432.538,35,49,2,3,1,49231,7,3000,1
432.538,35,49,2,3,1,49231,7,3000,1
432.538,35,49,2,3,1,49231,7,3000,1
432.538,35,49,2,3,1,49231,7,3000,1
432.538,35,49,2,3,1,49231,7,3240,1
432.538,35,49,2,3,1,49231,7,3312,1
432.538,35,49,2,3,1,49231,7,3360,1
432.538,35,49,2,3,1,49231,7,3600,1
432.538,35,49,2,3,1,49231,7,3600,1
432.538,35,49,2,3,1,49231,7,7560,1
476.655,21,49,2,3,1,49231,7,1233,1
476.655,21,49,2,3,1,49231,7,1409,1
476.655,21,49,2,3,1,49231,7,1830,1
476.655,21,49,2,3,1,49231,7,1994,1
476.655,21,49,2,3,1,49231,7,2030,1
476.655,21,49,2,3,1,49231,7,2513,1
476.655,21,49,2,3,1,49231,7,2818,1
476.655,21,49,2,3,1,49231,7,3051,1
476.655,21,49,2,3,1,49231,7,3090,1
476.655,21,49,2,3,1,49231,7,3105,1
476.655,21,49,2,3,1,49231,7,3115,1
476.655,21,49,2,3,1,49231,7,3298,1
476.655,21,49,2,3,1,49231,7,3543,1
476.655,21,49,2,3,1,49231,7,3587,1
476.655,21,49,2,3,1,49231,7,3629,1
476.655,21,49,2,3,1,49231,7,3703,1
476.655,21,49,2,3,1,49231,7,3862,1
476.655,21,49,2,3,1,49231,7,4118,1
476.655,21,49,2,3,1,49231,7,4181,1
476.655,21,49,2,3,1,49231,7,4540,1
476.655,21,49,2,3,1,49231,7,4643,1
476.655,21,49,2,3,1,49231,7,5330,1
476.655,21,49,2,3,1,49231,7,5363,1
476.655,21,49,2,3,1,49231,7,5418,1
476.655,21,49,2,3,1,49231,7,5514,1
476.655,21,49,2,3,1,49231,7,5860,1
476.655,21,49,2,3,1,49231,7,6557,1
476.655,21,49,2,3,1,49231,7,7015,1
476.655,21,49,2,3,1,49231,7,7033,1
49.7,39,49,3,0,3,49303,13,10000,1
49.7,39,49,3,0,3,49303,13,10800,1
49.7,39,49,3,0,3,49303,13,11748,1
49.7,39,49,3,0,3,49303,13,2400,1
49.7,39,49,3,0,3,49303,13,3600,1
49.7,39,49,3,0,3,49303,13,3600,1
49.7,39,49,3,0,3,49303,13,3960,1
49.7,39,49,3,0,3,49303,13,3960,1
49.7,39,49,3,0,3,49303,13,4200,1
49.7,39,49,3,0,3,49303,13,4200,1
49.7,39,49,3,0,3,49303,13,4800,1
49.7,39,49,3,0,3,49303,13,4920,1
49.7,39,49,3,0,3,49303,13,6000,1
49.7,39,49,3,0,3,49303,13,7200,1
49.7,39,49,3,0,3,49303,13,7200,1
49.7,39,49,3,0,3,49303,13,8400,1
49.7,39,49,3,0,3,49303,13,8400,1
49.7,39,49,3,0,3,49303,13,8400,1
49.7,39,49,3,0,3,49303,13,9600,1
49.7,39,49,3,0,3,49303,13,9600,1
50.483,39,49,3,0,2,49302,12,1200,1
50.483,39,49,3,0,2,49302,12,1200,1
50.483,39,49,3,0,2,49302,12,1500,1
50.483,39,49,3,0,2,49302,12,1500,1
50.483,39,49,3,0,2,49302,12,1800,1
50.483,39,49,3,0,2,49302,12,2000,1
50.483,39,49,3,0,2,49302,12,2000,1
50.483,39,49,3,0,2,49302,12,2400,1
50.483,39,49,3,0,2,49302,12,2400,1
50.483,39,49,3,0,2,49302,12,2400,1
50.483,39,49,3,0,2,49302,12,250,1
50.483,39,49,3,0,2,49302,12,3000,1
50.483,39,49,3,0,2,49302,12,3000,1
50.483,39,49,3,0,2,49302,12,3000,1
50.483,39,49,3,0,2,49302,12,3000,1
50.483,39,49,3,0,2,49302,12,3000,1
50.483,39,49,3,0,2,49302,12,3000,1
50.483,39,49,3,0,2,49302,12,3600,1
50.483,39,49,3,0,2,49302,12,3800,1
50.483,39,49,3,0,2,49302,12,4000,1
50.483,39,49,3,0,2,49302,12,4000,1
50.483,39,49,3,0,2,49302,12,4800,1
50.483,39,49,3,0,2,49302,12,4800,1
50.483,39,49,3,0,2,49302,12,5000,1
50.483,39,49,3,0,2,49302,12,5000,1
50.483,39,49,3,0,2,49302,12,5400,1
50.483,39,49,3,0,2,49302,12,6000,1
50.483,39,49,3,0,2,49302,12,7000,1
50.483,39,49,3,0,2,49302,12,7000,1
522.769,37,49,2,3,1,49231,7,2400,1
522.769,37,49,2,3,1,49231,7,2500,1
522.769,37,49,2,3,1,49231,7,2600,1
522.769,37,49,2,3,1,49231,7,3000,1
522.769,37,49,2,3,1,49231,7,3000,1
522.769,37,49,2,3,1,49231,7,3300,1
522.769,37,49,2,3,1,49231,7,3500,1
522.769,37,49,2,3,1,49231,7,3720,1
522.769,37,49,2,3,1,49231,7,4500,1
522.769,37,49,2,3,1,49231,7,4600,1
522.769,37,49,2,3,1,49231,7,4600,1
522.769,37,49,2,3,1,49231,7,4600,1
522.769,37,49,2,3,1,49231,7,4700,1
538.316,23,49,3,0,2,49302,12,1080,1
538.316,23,49,3,0,2,49302,12,1200,1
538.316,23,49,3,0,2,49302,12,1320,1
538.316,23,49,3,0,2,49302,12,1560,1
538.316,23,49,3,0,2,49302,12,1800,1
538.316,23,49,3,0,2,49302,12,1920,1
538.316,23,49,3,0,2,49302,12,2160,1
538.316,23,49,3,0,2,49302,12,2160,1
538.316,23,49,3,0,2,49302,12,2160,1
538.316,23,49,3,0,2,49302,12,2280,1
538.316,23,49,3,0,2,49302,12,2280,1
538.316,23,49,3,0,2,49302,12,2400,1
538.316,23,49,3,0,2,49302,12,2640,1
538.316,23,49,3,0,2,49302,12,2640,1
538.316,23,49,3,0,2,49302,12,2640,1
538.316,23,49,3,0,2,49302,12,2760,1
538.316,23,49,3,0,2,49302,12,2880,1
538.316,23,49,3,0,2,49302,12,2880,1
538.316,23,49,3,0,2,49302,12,3000,1
560.438,23,49,2,3,1,49231,7,1500,1
560.438,23,49,2,3,1,49231,7,1560,1
560.438,23,49,2,3,1,49231,7,1800,1
560.438,23,49,2,3,1,49231,7,1800,1
560.438,23,49,2,3,1,49231,7,2400,1
560.438,23,49,2,3,1,49231,7,2400,1
560.438,23,49,2,3,1,49231,7,3000,1
560.438,23,49,2,3,1,49231,7,3000,1
560.438,23,49,2,3,1,49231,7,3000,1
560.438,23,49,2,3,1,49231,7,3000,1
560.438,23,49,2,3,1,49231,7,3000,1
560.438,23,49,2,3,1,49231,7,3600,1
560.438,23,49,2,3,1,49231,7,3600,1
560.438,23,49,2,3,1,49231,7,3600,1
560.438,23,49,2,3,1,49231,7,3600,1
560.438,23,49,2,3,1,49231,7,6000,1
775.775,31,49,3,0,3,49303,13,10000,1
775.775,31,49,3,0,3,49303,13,10200,1
775.775,31,49,3,0,3,49303,13,12000,1
775.775,31,49,3,0,3,49303,13,13000,1
775.775,31,49,3,0,3,49303,13,13200,1
775.775,31,49,3,0,3,49303,13,16000,1
775.775,31,49,3,0,3,49303,13,1800,1
775.775,31,49,3,0,3,49303,13,2400,1
775.775,31,49,3,0,3,49303,13,26400,1
775.775,31,49,3,0,3,49303,13,3000,1
775.775,31,49,3,0,3,49303,13,3400,1
775.775,31,49,3,0,3,49303,13,3600,1
775.775,31,49,3,0,3,49303,13,3600,1
775.775,31,49,3,0,3,49303,13,4200,1
775.775,31,49,3,0,3,49303,13,4800,1
775.775,31,49,3,0,3,49303,13,4800,1
775.775,31,49,3,0,3,49303,13,4800,1
775.775,31,49,3,0,3,49303,13,4800,1
775.775,31,49,3,0,3,49303,13,4800,1
775.775,31,49,3,0,3,49303,13,5600,1
775.775,31,49,3,0,3,49303,13,6000,1
775.775,31,49,3,0,3,49303,13,6000,1
775.775,31,49,3,0,3,49303,13,6000,1
775.775,31,49,3,0,3,49303,13,6500,1
775.775,31,49,3,0,3,49303,13,6600,1
775.775,31,49,3,0,3,49303,13,6600,1
775.775,31,49,3,0,3,49303,13,7200,1
775.775,31,49,3,0,3,49303,13,7200,1
775.775,31,49,3,0,3,49303,13,8000,1
775.775,31,49,3,0,3,49303,13,8400,1
775.775,31,49,3,0,3,49303,13,8500,1
775.775,31,49,3,0,3,49303,13,9000,1
775.775,31,49,3,0,3,49303,13,9000,1
775.775,31,49,3,0,3,49303,13,9000,1
775.775,31,49,3,0,3,49303,13,9000,1
775.775,31,49,3,0,3,49303,13,9000,1
775.775,31,49,3,0,3,49303,13,9000,1
775.775,31,49,3,0,3,49303,13,9200,1
775.775,31,49,3,0,3,49303,13,9600,1
775.775,31,49,3,0,3,49303,13,9600,1
78.538,26,49,3,0,3,49303,13,5400,1
78.538,26,49,3,0,3,49303,13,6000,1
78.538,26,49,3,0,3,49303,13,6480,1
78.538,26,49,3,0,3,49303,13,6600,1
78.538,26,49,3,0,3,49303,13,6720,1
78.538,26,49,3,0,3,49303,13,6950,1
78.538,26,49,3,0,3,49303,13,6960,1
78.538,26,49,3,0,3,49303,13,7200,1
78.538,26,49,3,0,3,49303,13,7680,1
78.538,26,49,3,0,3,49303,13,7800,1
78.538,26,49,3,0,3,49303,13,7800,1
78.538,26,49,3,0,3,49303,13,8160,1
78.538,26,49,3,0,3,49303,13,9360,1
843.327,11,49,3,0,2,49302,12,1405,1
843.327,11,49,3,0,2,49302,12,1500,1
843.327,11,49,3,0,2,49302,12,1685,1
843.327,11,49,3,0,2,49302,12,1755,1
843.327,11,49,3,0,2,49302,12,1800,1
843.327,11,49,3,0,2,49302,12,1800,1
843.327,11,49,3,0,2,49302,12,1800,1
843.327,11,49,3,0,2,49302,12,1800,1
843.327,11,49,3,0,2,49302,12,1800,1
843.327,11,49,3,0,2,49302,12,1800,1
843.327,11,49,3,0,2,49302,12,1920,1
843.327,11,49,3,0,2,49302,12,2055,1
843.327,11,49,3,0,2,49302,12,2170,1
843.327,11,49,3,0,2,49302,12,2200,1
843.327,11,49,3,0,2,49302,12,2400,1
843.327,11,49,3,0,2,49302,12,2400,1
843.327,11,49,3,0,2,49302,12,2400,1
843.327,11,49,3,0,2,49302,12,2760,1
843.327,11,49,3,0,2,49302,12,2880,1
843.327,11,49,3,0,2,49302,12,3000,1
843.327,11,49,3,0,2,49302,12,3000,1
843.327,11,49,3,0,2,49302,12,3000,1
843.327,11,49,3,0,2,49302,12,3000,1
843.327,11,49,3,0,2,49302,12,3240,1
843.327,11,49,3,0,2,49302,12,3480,1
843.327,11,49,3,0,2,49302,12,3600,1
843.327,11,49,3,0,2,49302,12,3600,1
843.327,11,49,3,0,2,49302,12,3600,1
843.327,11,49,3,0,2,49302,12,3600,1
843.327,11,49,3,0,2,49302,12,3600,1
843.327,11,49,3,0,2,49302,12,3600,1
843.327,11,49,3,0,2,49302,12,3600,1
843.327,11,49,3,0,2,49302,12,3600,1
843.327,11,49,3,0,2,49302,12,3600,1
843.327,11,49,3,0,2,49302,12,3600,1
843.327,11,49,3,0,2,49302,12,3840,1
843.327,11,49,3,0,2,49302,12,4200,1
843.327,11,49,3,0,2,49302,12,4200,1
843.327,11,49,3,0,2,49302,12,4200,1
843.327,11,49,3,0,2,49302,12,4200,1
843.327,11,49,3,0,2,49302,12,4320,1
843.327,11,49,3,0,2,49302,12,4560,1
843.327,11,49,3,0,2,49302,12,5400,1
843.327,11,49,3,0,2,49302,12,5400,1
843.327,11,49,3,0,2,49302,12,6000,1
843.327,11,49,3,0,2,49302,12,720,1
843.327,11,49,3,0,2,49302,12,7200,1
843.327,11,49,3,0,2,49302,12,7800,1
843.327,11,49,3,0,2,49302,12,9600,1
96.222,26,49,3,0,2,49302,12,1500,1
96.222,26,49,3,0,2,49302,12,1600,1
96.222,26,49,3,0,2,49302,12,1800,1
96.222,26,49,3,0,2,49302,12,1800,1
96.222,26,49,3,0,2,49302,12,1920,1
96.222,26,49,3,0,2,49302,12,1920,1
96.222,26,49,3,0,2,49302,12,2000,1
96.222,26,49,3,0,2,49302,12,2160,1
96.222,26,49,3,0,2,49302,12,2400,1
96.222,26,49,3,0,2,49302,12,2400,1
96.222,26,49,3,0,2,49302,12,2640,1
96.222,26,49,3,0,2,49302,12,3000,1
96.222,26,49,3,0,2,49302,12,3000,1
96.222,26,49,3,0,2,49302,12,3120,1
96.222,26,49,3,0,2,49302,12,3600,1
96.222,26,49,3,0,2,49302,12,3600,1
96.222,26,49,3,0,2,49302,12,3600,1
96.222,26,49,3,0,2,49302,12,3800,1
989.415,31,49,3,0,2,49302,12,1116,1
989.415,31,49,3,0,2,49302,12,1200,1
989.415,31,49,3,0,2,49302,12,1200,1
989.415,31,49,3,0,2,49302,12,1200,1
989.415,31,49,3,0,2,49302,12,1200,1
989.415,31,49,3,0,2,49302,12,1320,1
989.415,31,49,3,0,2,49302,12,1320,1
989.415,31,49,3,0,2,49302,12,1320,1
989.415,31,49,3,0,2,49302,12,1344,1
989.415,31,49,3,0,2,49302,12,1440,1
989.415,31,49,3,0,2,49302,12,1560,1
989.415,31,49,3,0,2,49302,12,1560,1
989.415,31,49,3,0,2,49302,12,1560,1
989.415,31,49,3,0,2,49302,12,1740,1
989.415,31,49,3,0,2,49302,12,1752,1
989.415,31,49,3,0,2,49302,12,1764,1
989.415,31,49,3,0,2,49302,12,1800,1
989.415,31,49,3,0,2,49302,12,1800,1
989.415,31,49,3,0,2,49302,12,1800,1
989.415,31,49,3,0,2,49302,12,1920,1
989.415,31,49,3,0,2,49302,12,2004,1
989.415,31,49,3,0,2,49302,12,2028,1
989.415,31,49,3,0,2,49302,12,2160,1
989.415,31,49,3,0,2,49302,12,2280,1
989.415,31,49,3,0,2,49302,12,2280,1
989.415,31,49,3,0,2,49302,12,2400,1
989.415,31,49,3,0,2,49302,12,2400,1
989.415,31,49,3,0,2,49302,12,2400,1
989.415,31,49,3,0,2,49302,12,2400,1
989.415,31,49,3,0,2,49302,12,2400,1
989.415,31,49,3,0,2,49302,12,2400,1
989.415,31,49,3,0,2,49302,12,2400,1
989.415,31,49,3,0,2,49302,12,2400,1
989.415,31,49,3,0,2,49302,12,2520,1
989.415,31,49,3,0,2,49302,12,2880,1
989.415,31,49,3,0,2,49302,12,300,1
989.415,31,49,3,0,2,49302,12,3000,1
989.415,31,49,3,0,2,49302,12,3000,1
989.415,31,49,3,0,2,49302,12,3000,1
989.415,31,49,3,0,2,49302,12,3000,1
989.415,31,49,3,0,2,49302,12,3120,1
989.415,31,49,3,0,2,49302,12,3408,1
989.415,31,49,3,0,2,49302,12,3480,1
989.415,31,49,3,0,2,49302,12,3600,1
989.415,31,49,3,0,2,49302,12,4200,1
989.415,31,49,3,0,2,49302,12,4200,1
989.415,31,49,3,0,2,49302,12,4200,1
989.415,31,49,3,0,2,49302,12,4320,1
989.415,31,49,3,0,2,49302,12,4320,1
989.415,31,49,3,0,2,49302,12,4560,1
989.415,31,49,3,0,2,49302,12,6000,1
989.415,31,49,3,0,2,49302,12,660,1
989.415,31,49,3,0,2,49302,12,820,1
989.415,31,49,3,0,2,49302,12,840,1
989.415,31,49,3,0,2,49302,12,840,1
989.415,31,49,3,0,2,49302,12,840,1
989.415,31,49,3,0,2,49302,12,840,1
989.415,31,49,3,0,2,49302,12,900,1
989.415,31,49,3,0,2,49302,12,900,1
989.415,31,49,3,0,2,49302,12,960,1
989.415,31,49,3,0,2,49302,12,960,1
989.415,31,49,3,0,2,49302,12,960,1
989.415,31,49,3,0,2,49302,12,960,1
989.415,31,49,3,0,2,49302,12,960,1
989.415,31,49,3,0,2,49302,12,9600,1
